,Passing,Shoot,Physic,Defence,Speed,Dribbling,Age,Name
1,58,40,75,73,59,60,33,H. Halld√≥rsson
2,60,40,73,65,59,63,28,√?. Kristinsson
3,58,40,78,65,59,60,28,I. J√≥nsson
4,61,55,80,78,72,60,24,H. Magn√∫sson
5,63,48,82,83,69,58,27,H. Eyj√≥lfsson
6,72,56,82,79,68,48,24,S. Ingason
7,68,55,83,79,73,57,31,R. Sigur√∞sson
8,71,64,89,78,66,53,35,K. √?rnason
9,78,64,68,74,76,70,30,A. Sk√∫lason
10,73,62,77,75,79,69,33,B. S√¶varsson
11,72,65,70,69,67,70,34,√?. Sk√∫lason
12,76,70,75,72,77,76,29,B. Bjarnason
13,74,65,80,74,73,72,28,A. Gunnarsson
14,78,66,83,77,65,69,33,E. Hallfre√∞sson
15,75,66,79,65,73,77,30,T. Bjarnason
16,69,62,75,50,78,75,29,R. G√≠slason
17,80,81,67,60,72,77,28,G. Sigur√∞sson
18,73,70,62,58,76,75,24,A. Traustason
19,72,70,74,54,80,70,27,J. Gu√∞mundsson
20,68,79,76,59,76,68,27,V. Kjartansson
21,70,83,78,54,75,75,28,A. Finnbogason
22,70,72,76,52,80,74,25,J. B√∂√∞varsson
23,68,72,83,51,82,72,26,B. Sigur√∞arson
,69.86956522,62.82608696,76.73913043,67.13043478,71.91304348,67.30434783,28.73913043,
